<?xml version="1.0"?>
<pagescount>
	<html_total>1</html_total>
	<html_done>1</html_done>
	<images>3</images>
	<script>3</script>
	<css>2</css>
	<pdf/>
	<documents/>
	<excel/>
	<powerpoint/>
	<flash/>
	<audios/>
	<videos/>
	<xml/>
	<json/>
	<txt/>
	<autocad/>
	<model_3d/>
	<fonts/>
	<scraping_reload>1</scraping_reload>
	<is_pretty_url>false</is_pretty_url>
	<has_trailing_slash>false</has_trailing_slash>
	<is_ebn>false</is_ebn>
	<email>loreng8989@gmail.com</email>
	<theme_name>WmdTheme444162</theme_name>
	<server_url_front_page>https://www.waybackmachinedownloader.com/scraping/files/demo/fik.wiraraja.ac.id_loreng8989_gmail.com_ggxmjqghhh/</server_url_front_page>
	<no_www_url>fik.wiraraja.ac.id</no_www_url>
	<hosted_domain/>
	<original_archive_url>https://web.archive.org/web/20240506191436/https://fik.wiraraja.ac.id/labkes/</original_archive_url>
	<final_archive_url>https://web.archive.org/web/20240506191436/https://fik.wiraraja.ac.id/labkes%2F</final_archive_url>
	<front_page_code_date>20240506191436</front_page_code_date>
	<total_urls_from_api/>
	<max_reached_live>false</max_reached_live>
	<scrape_other_captures>false</scrape_other_captures>
	<action/>
	<current_scraping_url/>
	<total_size>1108</total_size>
</pagescount>
