<?xml version="1.0"?>
<pagescount>
	<html_total>122</html_total>
	<html_done>122</html_done>
	<images>45</images>
	<script>5</script>
	<css>4</css>
	<pdf>2</pdf>
	<documents/>
	<excel/>
	<powerpoint/>
	<flash/>
	<audios/>
	<videos/>
	<xml/>
	<json/>
	<txt/>
	<autocad/>
	<model_3d/>
	<fonts>10</fonts>
	<scraping_reload>1</scraping_reload>
	<is_pretty_url>false</is_pretty_url>
	<has_trailing_slash>true</has_trailing_slash>
	<is_ebn>false</is_ebn>
	<email>neneb75297@limtu.com</email>
	<theme_name>WmdTheme516386</theme_name>
	<server_url_front_page>https://www.waybackmachinedownloader.com/scraping/files/demo/douane.gov.km_neneb75297_limtu.com_xovwv7ih8k/</server_url_front_page>
	<no_www_url>douane.gov.km</no_www_url>
	<hosted_domain/>
	<original_archive_url>https://web.archive.org/web/20250508223505/https://www.douane.gov.km/fr/</original_archive_url>
	<final_archive_url>https://web.archive.org/web/20250508223505/https://www.douane.gov.km/fr%2F</final_archive_url>
	<front_page_code_date>20250508223505</front_page_code_date>
	<total_urls_from_api/>
	<max_reached_live>false</max_reached_live>
	<scrape_other_captures>false</scrape_other_captures>
	<action/>
	<current_scraping_url/>
	<total_size>22476</total_size>
</pagescount>
